minha experiencia foi incrivel recomendo,1
material de baixa qualidade parece barato,0
defeitos de fabricacao pessima experiencia,0
material de baixa qualidade parece barato,0
material de baixa qualidade parece barato,0
produto mal embalado veio quebrado,0
produto de alta qualidade estou muito satisfeito,1
excelente qualidade e otimo preco,1
produto caro e nao vale o preco,0
produto ruim nao atende as expectativas,0
nao recomendo arrependido da compra,0
o produto e excelente e superou minhas expectativas,1
nao recomendo arrependido da compra,0
nao recomendo arrependido da compra,0
nao recomendo arrependido da compra,0
a descricao nao corresponde a realidade,0
nao recomendo arrependido da compra,0
nao recomendo arrependido da compra,0
produto chegou antes do prazo e e maravilhoso,1
cor diferente da foto nao gostei,0
excelente qualidade e otimo preco,1
produto de alta qualidade estou muito satisfeito,1
amei exatamente o que eu precisava,1
funciona mal e o material e fragil,0
muito pequeno e parece fragil,0
cor diferente da foto nao gostei,0
produto ja apresentou problemas logo no inicio,0
infelizmente o produto chegou danificado,0
funciona mal e o material e fragil,0
cor diferente da foto nao gostei,0
muito pequeno e parece fragil,0
produto ruim nao atende as expectativas,0
muito pratico e funcional,1
perfeito exatamente como descrito,1
cumpre tudo o que promete,1
material muito resistente e bonito,1
muito pratico e funcional,1
produto caro e nao vale o preco,0
que decepcao totalmente insatisfeito,0
o produto veio bem embalado e funciona perfeitamente,1
muito bom qualidade excelente pelo preco,1
infelizmente o produto chegou danificado,0
defeitos de fabricacao pessima experiencia,0
a qualidade e pessima definitivamente nao recomendo,0
a descricao nao corresponde a realidade,0
muito pequeno e parece fragil,0
o produto veio bem embalado e funciona perfeitamente,1
produto mal embalado veio quebrado,0
nao recomendo arrependido da compra,0
cumpre tudo o que promete,1
nao recomendo arrependido da compra,0
muito bom qualidade excelente pelo preco,1
a qualidade e pessima definitivamente nao recomendo,0
cumpre tudo o que promete,1
funciona melhor do que o esperado,1
nao gostei do produto parece diferente do anunciado,0
a cor e linda e o material e de primeira,1
a descricao nao corresponde a realidade,0
funciona melhor do que o esperado,1
a qualidade e pessima definitivamente nao recomendo,0
entrega atrasada e produto de baixa qualidade,0
minha experiencia foi incrivel recomendo,1
produto ruim nao atende as expectativas,0
cor diferente da foto nao gostei,0
muito pratico e funcional,1
nao e o que eu esperava fiquei decepcionado,0
adorei com certeza compraria novamente,1
nao e o que eu esperava fiquei decepcionado,0
que decepcao totalmente insatisfeito,0
muito confortavel e bem acabado,1
o produto veio bem embalado e funciona perfeitamente,1
facil de usar e muito eficiente,1
produto mal embalado veio quebrado,0
cor diferente da foto nao gostei,0
perfeito exatamente como descrito,1
nao recomendo arrependido da compra,0
nao gostei do produto parece diferente do anunciado,0
o produto veio bem embalado e funciona perfeitamente,1
produto de alta qualidade estou muito satisfeito,1
nao recomendo arrependido da compra,0
material muito resistente e bonito,1
funciona mal e o material e fragil,0
material muito resistente e bonito,1
nao gostei do produto parece diferente do anunciado,0
produto de otima qualidade vale o investimento,1
nao gostei do produto parece diferente do anunciado,0
produto ja apresentou problemas logo no inicio,0
produto mal embalado veio quebrado,0
o produto e excelente e superou minhas expectativas,1
nao funciona bem tive varios problemas,0
funciona melhor do que o esperado,1
muito pratico e funcional,1
nao recomendo arrependido da compra,0
produto chegou antes do prazo e e maravilhoso,1
a cor e linda e o material e de primeira,1
nao gostei do produto parece diferente do anunciado,0
cumpre tudo o que promete,1
a qualidade e pessima definitivamente nao recomendo,0
entrega rapida e atendimento otimo,1
facil de usar e muito eficiente,1
a cor e linda e o material e de primeira,1
produto de alta qualidade estou muito satisfeito,1
funciona melhor do que o esperado,1
muito pratico e funcional,1
acabamento ruim e nao e duravel,0
que decepcao totalmente insatisfeito,0
muito bom qualidade excelente pelo preco,1
funciona melhor do que o esperado,1
entrega rapida e atendimento otimo,1
produto de alta qualidade estou muito satisfeito,1
facil de usar e muito eficiente,1
muito pratico e funcional,1
nao gostei do produto parece diferente do anunciado,0
acabamento ruim e nao e duravel,0
muito pequeno e parece fragil,0
produto ruim nao atende as expectativas,0
produto de otima qualidade vale o investimento,1
muito pratico e funcional,1
excelente qualidade e otimo preco,1
material de baixa qualidade parece barato,0
muito bom qualidade excelente pelo preco,1
o produto e excelente e superou minhas expectativas,1
material de baixa qualidade parece barato,0
entrega atrasada e produto de baixa qualidade,0
acabamento ruim e nao e duravel,0
produto de otima qualidade vale o investimento,1
produto de otima qualidade vale o investimento,1
produto ja apresentou problemas logo no inicio,0
funciona melhor do que o esperado,1
a entrega foi lenta e o produto insatisfatorio,0
nao recomendo arrependido da compra,0
material de baixa qualidade parece barato,0
entrega rapida e atendimento otimo,1
amei exatamente o que eu precisava,1
muito pequeno e parece fragil,0
a descricao nao corresponde a realidade,0
entrega rapida e atendimento otimo,1
a cor e linda e o material e de primeira,1
muito confortavel e bem acabado,1
a entrega foi lenta e o produto insatisfatorio,0
entrega atrasada e produto de baixa qualidade,0
produto ja apresentou problemas logo no inicio,0
muito pequeno e parece fragil,0
produto caro e nao vale o preco,0
vale cada centavo muito feliz com a compra,1
nao e o que eu esperava fiquei decepcionado,0
produto mal embalado veio quebrado,0
cor diferente da foto nao gostei,0
infelizmente o produto chegou danificado,0
o produto veio bem embalado e funciona perfeitamente,1
nao recomendo arrependido da compra,0
funciona mal e o material e fragil,0
funciona mal e o material e fragil,0
perfeito exatamente como descrito,1
entrega atrasada e produto de baixa qualidade,0
produto de alta qualidade estou muito satisfeito,1
vale cada centavo muito feliz com a compra,1
material muito resistente e bonito,1
cor diferente da foto nao gostei,0
que decepcao totalmente insatisfeito,0
a entrega foi lenta e o produto insatisfatorio,0
nao recomendo arrependido da compra,0
excelente qualidade e otimo preco,1
cor diferente da foto nao gostei,0
muito confortavel e bem acabado,1
cumpre tudo o que promete,1
produto de otima qualidade vale o investimento,1
produto de otima qualidade vale o investimento,1
a qualidade e pessima definitivamente nao recomendo,0
acabamento ruim e nao e duravel,0
a cor e linda e o material e de primeira,1
produto caro e nao vale o preco,0
a cor e linda e o material e de primeira,1
muito confortavel e bem acabado,1
muito confortavel e bem acabado,1
nao recomendo arrependido da compra,0
perfeito exatamente como descrito,1
produto de otima qualidade vale o investimento,1
o produto e excelente e superou minhas expectativas,1
o produto e excelente e superou minhas expectativas,1
facil de usar e muito eficiente,1
nao gostei do produto parece diferente do anunciado,0
funciona mal e o material e fragil,0
material muito resistente e bonito,1
defeitos de fabricacao pessima experiencia,0
infelizmente o produto chegou danificado,0
produto de alta qualidade estou muito satisfeito,1
funciona mal e o material e fragil,0
nao e o que eu esperava fiquei decepcionado,0
que decepcao totalmente insatisfeito,0
produto de alta qualidade estou muito satisfeito,1
funciona melhor do que o esperado,1
muito pratico e funcional,1
produto caro e nao vale o preco,0
produto chegou antes do prazo e e maravilhoso,1
a descricao nao corresponde a realidade,0
a qualidade e pessima definitivamente nao recomendo,0
nao recomendo arrependido da compra,0
muito pratico e funcional,1
nao recomendo arrependido da compra,0
defeitos de fabricacao pessima experiencia,0
infelizmente o produto chegou danificado,0
funciona melhor do que o esperado,1
excelente qualidade e otimo preco,1
produto de alta qualidade estou muito satisfeito,1
cumpre tudo o que promete,1
excelente qualidade e otimo preco,1
material muito resistente e bonito,1
entrega rapida e atendimento otimo,1
infelizmente o produto chegou danificado,0
a descricao nao corresponde a realidade,0
nao gostei do produto parece diferente do anunciado,0
nao gostei do produto parece diferente do anunciado,0
produto mal embalado veio quebrado,0
a entrega foi lenta e o produto insatisfatorio,0
a entrega foi lenta e o produto insatisfatorio,0
funciona melhor do que o esperado,1
produto chegou antes do prazo e e maravilhoso,1
produto de otima qualidade vale o investimento,1
entrega atrasada e produto de baixa qualidade,0
a qualidade e pessima definitivamente nao recomendo,0
minha experiencia foi incrivel recomendo,1
nao recomendo arrependido da compra,0
a cor e linda e o material e de primeira,1
produto de alta qualidade estou muito satisfeito,1
material de baixa qualidade parece barato,0
nao gostei do produto parece diferente do anunciado,0
a descricao nao corresponde a realidade,0
amei exatamente o que eu precisava,1
cor diferente da foto nao gostei,0
produto mal embalado veio quebrado,0
infelizmente o produto chegou danificado,0
cor diferente da foto nao gostei,0
defeitos de fabricacao pessima experiencia,0
que decepcao totalmente insatisfeito,0
vale cada centavo muito feliz com a compra,1
vale cada centavo muito feliz com a compra,1
material de baixa qualidade parece barato,0
defeitos de fabricacao pessima experiencia,0
acabamento ruim e nao e duravel,0
muito pratico e funcional,1
cor diferente da foto nao gostei,0
muito pequeno e parece fragil,0
cumpre tudo o que promete,1
nao recomendo arrependido da compra,0
minha experiencia foi incrivel recomendo,1
material de baixa qualidade parece barato,0
minha experiencia foi incrivel recomendo,1
defeitos de fabricacao pessima experiencia,0
cor diferente da foto nao gostei,0
produto de otima qualidade vale o investimento,1
o produto e excelente e superou minhas expectativas,1
muito pratico e funcional,1
cumpre tudo o que promete,1
nao e o que eu esperava fiquei decepcionado,0
o produto veio bem embalado e funciona perfeitamente,1
funciona mal e o material e fragil,0
defeitos de fabricacao pessima experiencia,0
que decepcao totalmente insatisfeito,0
minha experiencia foi incrivel recomendo,1
produto de otima qualidade vale o investimento,1
minha experiencia foi incrivel recomendo,1
o produto veio bem embalado e funciona perfeitamente,1
o produto e excelente e superou minhas expectativas,1
acabamento ruim e nao e duravel,0
muito confortavel e bem acabado,1
produto de alta qualidade estou muito satisfeito,1
muito bom qualidade excelente pelo preco,1
funciona melhor do que o esperado,1
perfeito exatamente como descrito,1
muito pequeno e parece fragil,0
material de baixa qualidade parece barato,0
cor diferente da foto nao gostei,0
a cor e linda e o material e de primeira,1
material de baixa qualidade parece barato,0
o produto veio bem embalado e funciona perfeitamente,1
produto mal embalado veio quebrado,0
cor diferente da foto nao gostei,0
produto ja apresentou problemas logo no inicio,0
vale cada centavo muito feliz com a compra,1
a qualidade e pessima definitivamente nao recomendo,0
muito pequeno e parece fragil,0
a qualidade e pessima definitivamente nao recomendo,0
a qualidade e pessima definitivamente nao recomendo,0
minha experiencia foi incrivel recomendo,1
produto chegou antes do prazo e e maravilhoso,1
vale cada centavo muito feliz com a compra,1
produto chegou antes do prazo e e maravilhoso,1
nao gostei do produto parece diferente do anunciado,0
muito pequeno e parece fragil,0
nao recomendo arrependido da compra,0
produto de otima qualidade vale o investimento,1
produto mal embalado veio quebrado,0
facil de usar e muito eficiente,1
amei exatamente o que eu precisava,1
que decepcao totalmente insatisfeito,0
excelente qualidade e otimo preco,1
nao funciona bem tive varios problemas,0
defeitos de fabricacao pessima experiencia,0
entrega atrasada e produto de baixa qualidade,0
o produto veio bem embalado e funciona perfeitamente,1
material de baixa qualidade parece barato,0
a entrega foi lenta e o produto insatisfatorio,0
produto ruim nao atende as expectativas,0
o produto veio bem embalado e funciona perfeitamente,1
muito confortavel e bem acabado,1
infelizmente o produto chegou danificado,0
infelizmente o produto chegou danificado,0
material de baixa qualidade parece barato,0
nao gostei do produto parece diferente do anunciado,0
funciona melhor do que o esperado,1
produto caro e nao vale o preco,0
minha experiencia foi incrivel recomendo,1
produto ja apresentou problemas logo no inicio,0
que decepcao totalmente insatisfeito,0
muito bom qualidade excelente pelo preco,1
muito pequeno e parece fragil,0
a cor e linda e o material e de primeira,1
nao funciona bem tive varios problemas,0
nao e o que eu esperava fiquei decepcionado,0
material muito resistente e bonito,1
produto ja apresentou problemas logo no inicio,0
funciona mal e o material e fragil,0
nao recomendo arrependido da compra,0
facil de usar e muito eficiente,1
amei exatamente o que eu precisava,1
facil de usar e muito eficiente,1
produto ruim nao atende as expectativas,0
muito pequeno e parece fragil,0
produto ruim nao atende as expectativas,0
perfeito exatamente como descrito,1
cumpre tudo o que promete,1
adorei com certeza compraria novamente,1
acabamento ruim e nao e duravel,0
a cor e linda e o material e de primeira,1
produto chegou antes do prazo e e maravilhoso,1
a descricao nao corresponde a realidade,0
entrega rapida e atendimento otimo,1
o produto veio bem embalado e funciona perfeitamente,1
muito confortavel e bem acabado,1
muito confortavel e bem acabado,1
produto caro e nao vale o preco,0
muito pratico e funcional,1
adorei com certeza compraria novamente,1
produto ja apresentou problemas logo no inicio,0
produto chegou antes do prazo e e maravilhoso,1
infelizmente o produto chegou danificado,0
entrega atrasada e produto de baixa qualidade,0
produto caro e nao vale o preco,0
nao funciona bem tive varios problemas,0
produto mal embalado veio quebrado,0
o produto veio bem embalado e funciona perfeitamente,1
amei exatamente o que eu precisava,1
adorei com certeza compraria novamente,1
produto mal embalado veio quebrado,0
que decepcao totalmente insatisfeito,0
muito pequeno e parece fragil,0
produto de alta qualidade estou muito satisfeito,1
que decepcao totalmente insatisfeito,0
produto mal embalado veio quebrado,0
cor diferente da foto nao gostei,0
produto ja apresentou problemas logo no inicio,0
produto de alta qualidade estou muito satisfeito,1
vale cada centavo muito feliz com a compra,1
a cor e linda e o material e de primeira,1
funciona melhor do que o esperado,1
produto caro e nao vale o preco,0
amei exatamente o que eu precisava,1
muito bom qualidade excelente pelo preco,1
a entrega foi lenta e o produto insatisfatorio,0
produto ja apresentou problemas logo no inicio,0
produto de otima qualidade vale o investimento,1
infelizmente o produto chegou danificado,0
muito confortavel e bem acabado,1
produto mal embalado veio quebrado,0
nao recomendo arrependido da compra,0
muito confortavel e bem acabado,1
material muito resistente e bonito,1
defeitos de fabricacao pessima experiencia,0
a qualidade e pessima definitivamente nao recomendo,0
que decepcao totalmente insatisfeito,0
cumpre tudo o que promete,1
a entrega foi lenta e o produto insatisfatorio,0
acabamento ruim e nao e duravel,0
cumpre tudo o que promete,1
nao recomendo arrependido da compra,0
nao funciona bem tive varios problemas,0
excelente qualidade e otimo preco,1
perfeito exatamente como descrito,1
produto chegou antes do prazo e e maravilhoso,1
perfeito exatamente como descrito,1
facil de usar e muito eficiente,1
produto de otima qualidade vale o investimento,1
o produto veio bem embalado e funciona perfeitamente,1
defeitos de fabricacao pessima experiencia,0
o produto veio bem embalado e funciona perfeitamente,1
produto caro e nao vale o preco,0
adorei com certeza compraria novamente,1
defeitos de fabricacao pessima experiencia,0
nao gostei do produto parece diferente do anunciado,0
produto ja apresentou problemas logo no inicio,0
produto mal embalado veio quebrado,0
adorei com certeza compraria novamente,1
cor diferente da foto nao gostei,0
a descricao nao corresponde a realidade,0
nao e o que eu esperava fiquei decepcionado,0
perfeito exatamente como descrito,1
facil de usar e muito eficiente,1
vale cada centavo muito feliz com a compra,1
facil de usar e muito eficiente,1
produto ja apresentou problemas logo no inicio,0
produto ja apresentou problemas logo no inicio,0
muito pratico e funcional,1
muito confortavel e bem acabado,1
nao e o que eu esperava fiquei decepcionado,0
a descricao nao corresponde a realidade,0
muito pratico e funcional,1
entrega rapida e atendimento otimo,1
cumpre tudo o que promete,1
cumpre tudo o que promete,1
produto mal embalado veio quebrado,0
funciona melhor do que o esperado,1
produto de alta qualidade estou muito satisfeito,1
nao funciona bem tive varios problemas,0
funciona mal e o material e fragil,0
produto de otima qualidade vale o investimento,1
material de baixa qualidade parece barato,0
produto de otima qualidade vale o investimento,1
funciona melhor do que o esperado,1
produto chegou antes do prazo e e maravilhoso,1
minha experiencia foi incrivel recomendo,1
vale cada centavo muito feliz com a compra,1
produto ja apresentou problemas logo no inicio,0
perfeito exatamente como descrito,1
muito bom qualidade excelente pelo preco,1
cumpre tudo o que promete,1
material muito resistente e bonito,1
perfeito exatamente como descrito,1
a descricao nao corresponde a realidade,0
material muito resistente e bonito,1
acabamento ruim e nao e duravel,0
funciona mal e o material e fragil,0
a cor e linda e o material e de primeira,1
vale cada centavo muito feliz com a compra,1
excelente qualidade e otimo preco,1
entrega atrasada e produto de baixa qualidade,0
funciona mal e o material e fragil,0
muito pratico e funcional,1
nao e o que eu esperava fiquei decepcionado,0
produto de alta qualidade estou muito satisfeito,1
defeitos de fabricacao pessima experiencia,0
muito pratico e funcional,1
adorei com certeza compraria novamente,1
produto mal embalado veio quebrado,0
defeitos de fabricacao pessima experiencia,0
funciona mal e o material e fragil,0
que decepcao totalmente insatisfeito,0
muito confortavel e bem acabado,1
produto mal embalado veio quebrado,0
amei exatamente o que eu precisava,1
material de baixa qualidade parece barato,0
amei exatamente o que eu precisava,1
minha experiencia foi incrivel recomendo,1
o produto veio bem embalado e funciona perfeitamente,1
entrega atrasada e produto de baixa qualidade,0
produto caro e nao vale o preco,0
vale cada centavo muito feliz com a compra,1
cumpre tudo o que promete,1
nao gostei do produto parece diferente do anunciado,0
que decepcao totalmente insatisfeito,0
minha experiencia foi incrivel recomendo,1
defeitos de fabricacao pessima experiencia,0
produto caro e nao vale o preco,0
a cor e linda e o material e de primeira,1
a entrega foi lenta e o produto insatisfatorio,0
facil de usar e muito eficiente,1
a cor e linda e o material e de primeira,1
a entrega foi lenta e o produto insatisfatorio,0
nao e o que eu esperava fiquei decepcionado,0
funciona melhor do que o esperado,1
o produto veio bem embalado e funciona perfeitamente,1
a entrega foi lenta e o produto insatisfatorio,0
nao funciona bem tive varios problemas,0
entrega atrasada e produto de baixa qualidade,0
nao gostei do produto parece diferente do anunciado,0
minha experiencia foi incrivel recomendo,1
vale cada centavo muito feliz com a compra,1
nao gostei do produto parece diferente do anunciado,0
a cor e linda e o material e de primeira,1
amei exatamente o que eu precisava,1
a entrega foi lenta e o produto insatisfatorio,0
cor diferente da foto nao gostei,0
muito pratico e funcional,1
muito pratico e funcional,1
funciona melhor do que o esperado,1
muito bom qualidade excelente pelo preco,1
infelizmente o produto chegou danificado,0
cor diferente da foto nao gostei,0
a descricao nao corresponde a realidade,0
entrega rapida e atendimento otimo,1
minha experiencia foi incrivel recomendo,1
nao recomendo arrependido da compra,0
infelizmente o produto chegou danificado,0
cumpre tudo o que promete,1
produto mal embalado veio quebrado,0
produto de alta qualidade estou muito satisfeito,1
muito pratico e funcional,1
muito pequeno e parece fragil,0
acabamento ruim e nao e duravel,0
amei exatamente o que eu precisava,1
a descricao nao corresponde a realidade,0
produto de alta qualidade estou muito satisfeito,1
perfeito exatamente como descrito,1
produto mal embalado veio quebrado,0
a cor e linda e o material e de primeira,1
excelente qualidade e otimo preco,1
facil de usar e muito eficiente,1
entrega atrasada e produto de baixa qualidade,0
perfeito exatamente como descrito,1
funciona mal e o material e fragil,0
excelente qualidade e otimo preco,1
a entrega foi lenta e o produto insatisfatorio,0
produto ruim nao atende as expectativas,0
nao recomendo arrependido da compra,0
cumpre tudo o que promete,1
produto ja apresentou problemas logo no inicio,0
muito pratico e funcional,1
defeitos de fabricacao pessima experiencia,0
a entrega foi lenta e o produto insatisfatorio,0
infelizmente o produto chegou danificado,0
muito pratico e funcional,1
a cor e linda e o material e de primeira,1
produto de alta qualidade estou muito satisfeito,1
facil de usar e muito eficiente,1
defeitos de fabricacao pessima experiencia,0
minha experiencia foi incrivel recomendo,1
a descricao nao corresponde a realidade,0
minha experiencia foi incrivel recomendo,1
nao gostei do produto parece diferente do anunciado,0
material muito resistente e bonito,1
muito confortavel e bem acabado,1
facil de usar e muito eficiente,1
adorei com certeza compraria novamente,1
produto de otima qualidade vale o investimento,1
produto mal embalado veio quebrado,0
que decepcao totalmente insatisfeito,0
produto mal embalado veio quebrado,0
a entrega foi lenta e o produto insatisfatorio,0
produto de alta qualidade estou muito satisfeito,1
o produto veio bem embalado e funciona perfeitamente,1
material de baixa qualidade parece barato,0
nao gostei do produto parece diferente do anunciado,0
minha experiencia foi incrivel recomendo,1
material muito resistente e bonito,1
nao e o que eu esperava fiquei decepcionado,0
muito confortavel e bem acabado,1
material muito resistente e bonito,1
nao recomendo arrependido da compra,0
produto mal embalado veio quebrado,0
produto de alta qualidade estou muito satisfeito,1
muito bom qualidade excelente pelo preco,1
muito pequeno e parece fragil,0
a qualidade e pessima definitivamente nao recomendo,0
o produto e excelente e superou minhas expectativas,1
perfeito exatamente como descrito,1
facil de usar e muito eficiente,1
muito pratico e funcional,1
nao e o que eu esperava fiquei decepcionado,0
minha experiencia foi incrivel recomendo,1
produto de alta qualidade estou muito satisfeito,1
produto mal embalado veio quebrado,0
produto mal embalado veio quebrado,0
entrega rapida e atendimento otimo,1
adorei com certeza compraria novamente,1
funciona melhor do que o esperado,1
a cor e linda e o material e de primeira,1
funciona mal e o material e fragil,0
cor diferente da foto nao gostei,0
nao gostei do produto parece diferente do anunciado,0
facil de usar e muito eficiente,1
acabamento ruim e nao e duravel,0
produto caro e nao vale o preco,0
acabamento ruim e nao e duravel,0
excelente qualidade e otimo preco,1
o produto e excelente e superou minhas expectativas,1
o produto veio bem embalado e funciona perfeitamente,1
muito pratico e funcional,1
minha experiencia foi incrivel recomendo,1
nao funciona bem tive varios problemas,0
nao gostei do produto parece diferente do anunciado,0
nao funciona bem tive varios problemas,0
produto de otima qualidade vale o investimento,1
infelizmente o produto chegou danificado,0
muito pequeno e parece fragil,0
o produto e excelente e superou minhas expectativas,1
muito pratico e funcional,1
muito pratico e funcional,1
que decepcao totalmente insatisfeito,0
muito bom qualidade excelente pelo preco,1
produto ruim nao atende as expectativas,0
nao recomendo arrependido da compra,0
muito pequeno e parece fragil,0
vale cada centavo muito feliz com a compra,1
nao funciona bem tive varios problemas,0
acabamento ruim e nao e duravel,0
acabamento ruim e nao e duravel,0
cor diferente da foto nao gostei,0
facil de usar e muito eficiente,1
que decepcao totalmente insatisfeito,0
produto de alta qualidade estou muito satisfeito,1
produto ruim nao atende as expectativas,0
facil de usar e muito eficiente,1
nao e o que eu esperava fiquei decepcionado,0
muito pequeno e parece fragil,0
a cor e linda e o material e de primeira,1
cor diferente da foto nao gostei,0
infelizmente o produto chegou danificado,0
nao recomendo arrependido da compra,0
entrega rapida e atendimento otimo,1
produto de otima qualidade vale o investimento,1
produto de otima qualidade vale o investimento,1
funciona melhor do que o esperado,1
excelente qualidade e otimo preco,1
excelente qualidade e otimo preco,1
defeitos de fabricacao pessima experiencia,0
a qualidade e pessima definitivamente nao recomendo,0
excelente qualidade e otimo preco,1
produto de otima qualidade vale o investimento,1
amei exatamente o que eu precisava,1
minha experiencia foi incrivel recomendo,1
muito bom qualidade excelente pelo preco,1
excelente qualidade e otimo preco,1
amei exatamente o que eu precisava,1
cor diferente da foto nao gostei,0
muito pratico e funcional,1
produto de otima qualidade vale o investimento,1
defeitos de fabricacao pessima experiencia,0
funciona melhor do que o esperado,1
muito pratico e funcional,1
amei exatamente o que eu precisava,1
nao recomendo arrependido da compra,0
entrega rapida e atendimento otimo,1
produto de alta qualidade estou muito satisfeito,1
o produto veio bem embalado e funciona perfeitamente,1
entrega rapida e atendimento otimo,1
a descricao nao corresponde a realidade,0
excelente qualidade e otimo preco,1
nao e o que eu esperava fiquei decepcionado,0
perfeito exatamente como descrito,1
adorei com certeza compraria novamente,1
a qualidade e pessima definitivamente nao recomendo,0
entrega rapida e atendimento otimo,1
cumpre tudo o que promete,1
funciona melhor do que o esperado,1
vale cada centavo muito feliz com a compra,1
a entrega foi lenta e o produto insatisfatorio,0
perfeito exatamente como descrito,1
amei exatamente o que eu precisava,1
acabamento ruim e nao e duravel,0
produto caro e nao vale o preco,0
muito pratico e funcional,1
cumpre tudo o que promete,1
nao recomendo arrependido da compra,0
funciona melhor do que o esperado,1
nao recomendo arrependido da compra,0
que decepcao totalmente insatisfeito,0
material de baixa qualidade parece barato,0
a descricao nao corresponde a realidade,0
produto chegou antes do prazo e e maravilhoso,1
a entrega foi lenta e o produto insatisfatorio,0
cumpre tudo o que promete,1
entrega rapida e atendimento otimo,1
a entrega foi lenta e o produto insatisfatorio,0
produto mal embalado veio quebrado,0
produto caro e nao vale o preco,0
produto mal embalado veio quebrado,0
material de baixa qualidade parece barato,0
muito confortavel e bem acabado,1
amei exatamente o que eu precisava,1
amei exatamente o que eu precisava,1
o produto veio bem embalado e funciona perfeitamente,1
amei exatamente o que eu precisava,1
funciona melhor do que o esperado,1
nao gostei do produto parece diferente do anunciado,0
entrega rapida e atendimento otimo,1
produto caro e nao vale o preco,0
produto de alta qualidade estou muito satisfeito,1
nao e o que eu esperava fiquei decepcionado,0
o produto e excelente e superou minhas expectativas,1
produto de alta qualidade estou muito satisfeito,1
muito bom qualidade excelente pelo preco,1
infelizmente o produto chegou danificado,0
vale cada centavo muito feliz com a compra,1
excelente qualidade e otimo preco,1
nao funciona bem tive varios problemas,0
perfeito exatamente como descrito,1
produto mal embalado veio quebrado,0
a entrega foi lenta e o produto insatisfatorio,0
muito pequeno e parece fragil,0
funciona melhor do que o esperado,1
nao gostei do produto parece diferente do anunciado,0
acabamento ruim e nao e duravel,0
entrega atrasada e produto de baixa qualidade,0
infelizmente o produto chegou danificado,0
amei exatamente o que eu precisava,1
cumpre tudo o que promete,1
acabamento ruim e nao e duravel,0
infelizmente o produto chegou danificado,0
o produto e excelente e superou minhas expectativas,1
muito bom qualidade excelente pelo preco,1
adorei com certeza compraria novamente,1
que decepcao totalmente insatisfeito,0
excelente qualidade e otimo preco,1
o produto veio bem embalado e funciona perfeitamente,1
muito bom qualidade excelente pelo preco,1
perfeito exatamente como descrito,1
produto mal embalado veio quebrado,0
a cor e linda e o material e de primeira,1
acabamento ruim e nao e duravel,0
muito pequeno e parece fragil,0
adorei com certeza compraria novamente,1
perfeito exatamente como descrito,1
produto de alta qualidade estou muito satisfeito,1
muito pequeno e parece fragil,0
entrega rapida e atendimento otimo,1
que decepcao totalmente insatisfeito,0
nao recomendo arrependido da compra,0
cumpre tudo o que promete,1
nao recomendo arrependido da compra,0
minha experiencia foi incrivel recomendo,1
produto ja apresentou problemas logo no inicio,0
perfeito exatamente como descrito,1
muito pratico e funcional,1
muito pequeno e parece fragil,0
acabamento ruim e nao e duravel,0
produto de otima qualidade vale o investimento,1
muito pequeno e parece fragil,0
material de baixa qualidade parece barato,0
adorei com certeza compraria novamente,1
adorei com certeza compraria novamente,1
minha experiencia foi incrivel recomendo,1
amei exatamente o que eu precisava,1
adorei com certeza compraria novamente,1
vale cada centavo muito feliz com a compra,1
a qualidade e pessima definitivamente nao recomendo,0
entrega rapida e atendimento otimo,1
produto chegou antes do prazo e e maravilhoso,1
minha experiencia foi incrivel recomendo,1
cor diferente da foto nao gostei,0
muito pratico e funcional,1
excelente qualidade e otimo preco,1
infelizmente o produto chegou danificado,0
facil de usar e muito eficiente,1
muito pequeno e parece fragil,0
o produto veio bem embalado e funciona perfeitamente,1
excelente qualidade e otimo preco,1
perfeito exatamente como descrito,1
nao funciona bem tive varios problemas,0
a descricao nao corresponde a realidade,0
nao e o que eu esperava fiquei decepcionado,0
cumpre tudo o que promete,1
material de baixa qualidade parece barato,0
nao recomendo arrependido da compra,0
produto ja apresentou problemas logo no inicio,0
material de baixa qualidade parece barato,0
nao recomendo arrependido da compra,0
amei exatamente o que eu precisava,1
muito pratico e funcional,1
a descricao nao corresponde a realidade,0
entrega rapida e atendimento otimo,1
produto de otima qualidade vale o investimento,1
cumpre tudo o que promete,1
produto de alta qualidade estou muito satisfeito,1
facil de usar e muito eficiente,1
nao funciona bem tive varios problemas,0
material muito resistente e bonito,1
defeitos de fabricacao pessima experiencia,0
produto chegou antes do prazo e e maravilhoso,1
amei exatamente o que eu precisava,1
nao e o que eu esperava fiquei decepcionado,0
produto mal embalado veio quebrado,0
produto caro e nao vale o preco,0
nao gostei do produto parece diferente do anunciado,0
muito bom qualidade excelente pelo preco,1
defeitos de fabricacao pessima experiencia,0
entrega rapida e atendimento otimo,1
perfeito exatamente como descrito,1
material muito resistente e bonito,1
muito confortavel e bem acabado,1
entrega atrasada e produto de baixa qualidade,0
produto chegou antes do prazo e e maravilhoso,1
produto ruim nao atende as expectativas,0
muito pratico e funcional,1
muito bom qualidade excelente pelo preco,1
produto chegou antes do prazo e e maravilhoso,1
produto de alta qualidade estou muito satisfeito,1
vale cada centavo muito feliz com a compra,1
cor diferente da foto nao gostei,0
o produto veio bem embalado e funciona perfeitamente,1
a qualidade e pessima definitivamente nao recomendo,0
nao recomendo arrependido da compra,0
funciona melhor do que o esperado,1
adorei com certeza compraria novamente,1
vale cada centavo muito feliz com a compra,1
muito bom qualidade excelente pelo preco,1
amei exatamente o que eu precisava,1
infelizmente o produto chegou danificado,0
vale cada centavo muito feliz com a compra,1
defeitos de fabricacao pessima experiencia,0
produto de otima qualidade vale o investimento,1
cumpre tudo o que promete,1
produto de otima qualidade vale o investimento,1
nao funciona bem tive varios problemas,0
muito pequeno e parece fragil,0
produto de otima qualidade vale o investimento,1
infelizmente o produto chegou danificado,0
produto chegou antes do prazo e e maravilhoso,1
funciona melhor do que o esperado,1
nao recomendo arrependido da compra,0
a entrega foi lenta e o produto insatisfatorio,0
nao e o que eu esperava fiquei decepcionado,0
produto de otima qualidade vale o investimento,1
adorei com certeza compraria novamente,1
nao funciona bem tive varios problemas,0
vale cada centavo muito feliz com a compra,1
material de baixa qualidade parece barato,0
produto mal embalado veio quebrado,0
nao funciona bem tive varios problemas,0
o produto veio bem embalado e funciona perfeitamente,1
funciona mal e o material e fragil,0
excelente qualidade e otimo preco,1
funciona melhor do que o esperado,1
a descricao nao corresponde a realidade,0
a entrega foi lenta e o produto insatisfatorio,0
material muito resistente e bonito,1
nao gostei do produto parece diferente do anunciado,0
acabamento ruim e nao e duravel,0
defeitos de fabricacao pessima experiencia,0
nao funciona bem tive varios problemas,0
produto caro e nao vale o preco,0
minha experiencia foi incrivel recomendo,1
a cor e linda e o material e de primeira,1
produto chegou antes do prazo e e maravilhoso,1
nao funciona bem tive varios problemas,0
defeitos de fabricacao pessima experiencia,0
minha experiencia foi incrivel recomendo,1
nao funciona bem tive varios problemas,0
cor diferente da foto nao gostei,0
a descricao nao corresponde a realidade,0
nao recomendo arrependido da compra,0
o produto e excelente e superou minhas expectativas,1
a entrega foi lenta e o produto insatisfatorio,0
nao e o que eu esperava fiquei decepcionado,0
que decepcao totalmente insatisfeito,0
a cor e linda e o material e de primeira,1
a entrega foi lenta e o produto insatisfatorio,0
o produto e excelente e superou minhas expectativas,1
amei exatamente o que eu precisava,1
material muito resistente e bonito,1
funciona mal e o material e fragil,0
entrega rapida e atendimento otimo,1
que decepcao totalmente insatisfeito,0
muito confortavel e bem acabado,1
a qualidade e pessima definitivamente nao recomendo,0
defeitos de fabricacao pessima experiencia,0
perfeito exatamente como descrito,1
adorei com certeza compraria novamente,1
defeitos de fabricacao pessima experiencia,0
infelizmente o produto chegou danificado,0
nao recomendo arrependido da compra,0
produto ruim nao atende as expectativas,0
facil de usar e muito eficiente,1
funciona melhor do que o esperado,1
muito confortavel e bem acabado,1
muito bom qualidade excelente pelo preco,1
a entrega foi lenta e o produto insatisfatorio,0
infelizmente o produto chegou danificado,0
minha experiencia foi incrivel recomendo,1
a descricao nao corresponde a realidade,0
muito pratico e funcional,1
a entrega foi lenta e o produto insatisfatorio,0
funciona mal e o material e fragil,0
nao funciona bem tive varios problemas,0
amei exatamente o que eu precisava,1
produto ja apresentou problemas logo no inicio,0
infelizmente o produto chegou danificado,0
produto caro e nao vale o preco,0
funciona melhor do que o esperado,1
o produto e excelente e superou minhas expectativas,1
entrega atrasada e produto de baixa qualidade,0
nao recomendo arrependido da compra,0
vale cada centavo muito feliz com a compra,1
a entrega foi lenta e o produto insatisfatorio,0
nao recomendo arrependido da compra,0
cor diferente da foto nao gostei,0
produto caro e nao vale o preco,0
nao gostei do produto parece diferente do anunciado,0
vale cada centavo muito feliz com a compra,1
acabamento ruim e nao e duravel,0
o produto veio bem embalado e funciona perfeitamente,1
perfeito exatamente como descrito,1
produto ruim nao atende as expectativas,0
nao recomendo arrependido da compra,0
cor diferente da foto nao gostei,0
amei exatamente o que eu precisava,1
produto de alta qualidade estou muito satisfeito,1
acabamento ruim e nao e duravel,0
excelente qualidade e otimo preco,1
vale cada centavo muito feliz com a compra,1
a descricao nao corresponde a realidade,0
o produto e excelente e superou minhas expectativas,1
produto de alta qualidade estou muito satisfeito,1
entrega atrasada e produto de baixa qualidade,0
que decepcao totalmente insatisfeito,0
produto de alta qualidade estou muito satisfeito,1
cor diferente da foto nao gostei,0
a entrega foi lenta e o produto insatisfatorio,0
entrega rapida e atendimento otimo,1
funciona mal e o material e fragil,0
infelizmente o produto chegou danificado,0
defeitos de fabricacao pessima experiencia,0
que decepcao totalmente insatisfeito,0
adorei com certeza compraria novamente,1
perfeito exatamente como descrito,1
muito confortavel e bem acabado,1
nao gostei do produto parece diferente do anunciado,0
entrega atrasada e produto de baixa qualidade,0
produto ruim nao atende as expectativas,0
minha experiencia foi incrivel recomendo,1
que decepcao totalmente insatisfeito,0
vale cada centavo muito feliz com a compra,1
que decepcao totalmente insatisfeito,0
minha experiencia foi incrivel recomendo,1
a descricao nao corresponde a realidade,0
perfeito exatamente como descrito,1
a qualidade e pessima definitivamente nao recomendo,0
nao gostei do produto parece diferente do anunciado,0
cor diferente da foto nao gostei,0
produto chegou antes do prazo e e maravilhoso,1
defeitos de fabricacao pessima experiencia,0
a entrega foi lenta e o produto insatisfatorio,0
nao recomendo arrependido da compra,0
nao funciona bem tive varios problemas,0
minha experiencia foi incrivel recomendo,1
excelente qualidade e otimo preco,1
produto ruim nao atende as expectativas,0
produto de otima qualidade vale o investimento,1
o produto veio bem embalado e funciona perfeitamente,1
nao gostei do produto parece diferente do anunciado,0
perfeito exatamente como descrito,1
facil de usar e muito eficiente,1
amei exatamente o que eu precisava,1
acabamento ruim e nao e duravel,0
produto ruim nao atende as expectativas,0
defeitos de fabricacao pessima experiencia,0
produto de otima qualidade vale o investimento,1
cumpre tudo o que promete,1
a descricao nao corresponde a realidade,0
entrega rapida e atendimento otimo,1
material de baixa qualidade parece barato,0
a cor e linda e o material e de primeira,1
a entrega foi lenta e o produto insatisfatorio,0
cor diferente da foto nao gostei,0
minha experiencia foi incrivel recomendo,1
excelente qualidade e otimo preco,1
entrega rapida e atendimento otimo,1
muito pequeno e parece fragil,0
muito pequeno e parece fragil,0
nao e o que eu esperava fiquei decepcionado,0
que decepcao totalmente insatisfeito,0
muito confortavel e bem acabado,1
nao e o que eu esperava fiquei decepcionado,0
funciona mal e o material e fragil,0
produto mal embalado veio quebrado,0
muito confortavel e bem acabado,1
vale cada centavo muito feliz com a compra,1
o produto e excelente e superou minhas expectativas,1
material muito resistente e bonito,1
o produto e excelente e superou minhas expectativas,1
facil de usar e muito eficiente,1
o produto e excelente e superou minhas expectativas,1
funciona mal e o material e fragil,0
nao recomendo arrependido da compra,0
produto mal embalado veio quebrado,0
muito bom qualidade excelente pelo preco,1
produto mal embalado veio quebrado,0
muito pequeno e parece fragil,0
excelente qualidade e otimo preco,1
material muito resistente e bonito,1
material muito resistente e bonito,1
material muito resistente e bonito,1
produto chegou antes do prazo e e maravilhoso,1
a entrega foi lenta e o produto insatisfatorio,0
a qualidade e pessima definitivamente nao recomendo,0
nao e o que eu esperava fiquei decepcionado,0
funciona melhor do que o esperado,1
vale cada centavo muito feliz com a compra,1
vale cada centavo muito feliz com a compra,1
material de baixa qualidade parece barato,0
material de baixa qualidade parece barato,0
